﻿<parameters>
  <parameter name="IIS Web Application Name" defaultValue="Default Web Site/HYTCWeiBo.Web_deploy" tags="IisApp">
    <parameterEntry kind="ProviderPath" scope="IisApp" match="^C:\\Users\\ZYH\\Desktop\\HYTCWeiBo\\HYTCWeiBoWeb\\obj\\Debug\\Package\\PackageTmp$" />
    <parameterEntry kind="ProviderPath" scope="setAcl" match="^C:\\Users\\ZYH\\Desktop\\HYTCWeiBo\\HYTCWeiBoWeb\\obj\\Debug\\Package\\PackageTmp$" />
  </parameter>
  <parameter name="ApplicationServices-Web.config Connection String" description="ApplicationServices 应用程序在 web.config 中用来访问数据库的连接字符串。" defaultValue="data source=.\SQLEXPRESS;Integrated Security=SSPI;AttachDBFilename=|DataDirectory|\aspnetdb.mdf;User Instance=true" tags="SqlConnectionString">
    <parameterEntry kind="XmlFile" scope="obj\\Debug\\Package\\PackageTmp\\Web\.config$" match="/configuration/connectionStrings/add[@name='ApplicationServices']/@connectionString" />
  </parameter>
  <parameter name="db_hytcweiboConnectionString-Web.config Connection String" description="db_hytcweiboConnectionString 应用程序在 web.config 中用来访问数据库的连接字符串。" defaultValue="Data Source=.;Initial Catalog=db_hytcweibo;Integrated Security=True" tags="SqlConnectionString">
    <parameterEntry kind="XmlFile" scope="obj\\Debug\\Package\\PackageTmp\\Web\.config$" match="/configuration/connectionStrings/add[@name='db_hytcweiboConnectionString']/@connectionString" />
  </parameter>
</parameters>